{
  "camera" : {
    "location" : [ -30.0, 45.0, 90.0 ],
    "lookAt" : [ 0.0, 0.0, 0.0 ],
    "approxUp" : [ 0.0, 0.0, 1.0 ],
    "FOVdeg" : 80.0,
    "near" : 10,
    "far" : 1000.0,
    "perspective" : true
  },
  "bgColor" : [ 0.2, 0.2, 0.2, 1.0 ],
  "models": [
    {
      "modelURL" : "RedSpacecraft.json",
      "location" : [ 0.35, -0.3, -0.5 ],
      "scale" : [ 1.0, 1.0, 1.0 ],
      "xBasis" : [  1, 0, 0 ],
      "yBasis" : [  0, 1, 0 ],
      "zBasis" : [  0, 0, 1 ],
      "speed" : 0.4,
      "path" : [
        [ 0           , 0           , 0            ],
        [ -25         , 25          , 50           ],
        [ -24.9699    , 26.2267     , 50           ],
        [ -24.8796    , 27.4504     , 50           ],
        [ -24.7294    , 28.6683     , 50           ],
        [ -24.5196    , 29.8773     , 50           ],
        [ -24.2508    , 31.0745     , 50           ],
        [ -23.9235    , 32.2571     , 50           ],
        [ -23.5386    , 33.4222     , 50           ],
        [ -23.097     , 34.5671     , 50           ],
        [ -22.5997    , 35.6889     , 50           ],
        [ -22.048     , 36.7849     , 50           ],
        [ -21.4432    , 37.8526     , 50           ],
        [ -20.7867    , 38.8893     , 50           ],
        [ -20.0802    , 39.8925     , 50           ],
        [ -19.3253    , 40.8598     , 50           ],
        [ -18.5238    , 41.789      , 50           ],
        [ -17.6777    , 42.6777     , 50           ],
        [ -16.789     , 43.5238     , 50           ],
        [ -15.8598    , 44.3253     , 50           ],
        [ -14.8925    , 45.0802     , 50           ],
        [ -13.8893    , 45.7867     , 50           ],
        [ -12.8526    , 46.4432     , 50           ],
        [ -11.7849    , 47.048      , 50           ],
        [ -10.6889    , 47.5997     , 50           ],
        [ -9.56709    , 48.097      , 50           ],
        [ -8.42225    , 48.5386     , 50           ],
        [ -7.25712    , 48.9235     , 50           ],
        [ -6.0745     , 49.2508     , 50           ],
        [ -4.87726    , 49.5196     , 50           ],
        [ -3.66826    , 49.7294     , 50           ],
        [ -2.45043    , 49.8796     , 50           ],
        [ -1.22669    , 49.9699     , 50           ],
        [ -1.53081e-15, 50          , 50           ],
        [ 1.22669     , 49.9699     , 50           ],
        [ 2.45043     , 49.8796     , 50           ],
        [ 3.66826     , 49.7294     , 50           ],
        [ 4.87726     , 49.5196     , 50           ],
        [ 6.0745      , 49.2508     , 50           ],
        [ 7.25712     , 48.9235     , 50           ],
        [ 8.42225     , 48.5386     , 50           ],
        [ 9.56709     , 48.097      , 50           ],
        [ 10.6889     , 47.5997     , 50           ],
        [ 11.7849     , 47.048      , 50           ],
        [ 12.8526     , 46.4432     , 50           ],
        [ 13.8893     , 45.7867     , 50           ],
        [ 14.8925     , 45.0802     , 50           ],
        [ 15.8598     , 44.3253     , 50           ],
        [ 16.789      , 43.5238     , 50           ],
        [ 17.6777     , 42.6777     , 50           ],
        [ 18.5238     , 41.789      , 50           ],
        [ 19.3253     , 40.8598     , 50           ],
        [ 20.0802     , 39.8925     , 50           ],
        [ 20.7867     , 38.8893     , 50           ],
        [ 21.4432     , 37.8526     , 50           ],
        [ 22.048      , 36.7849     , 50           ],
        [ 22.5997     , 35.6889     , 50           ],
        [ 23.097      , 34.5671     , 50           ],
        [ 23.5386     , 33.4222     , 50           ],
        [ 23.9235     , 32.2571     , 50           ],
        [ 24.2508     , 31.0745     , 50           ],
        [ 24.5196     , 29.8773     , 50           ],
        [ 24.7294     , 28.6683     , 50           ],
        [ 24.8796     , 27.4504     , 50           ],
        [ 24.9699     , 26.2267     , 50           ],
        [ 25          , 25          , 50           ],
        [ -25         , -25         , -50          ],
        [ -24.9699    , -26.2267    , -50          ],
        [ -24.8796    , -27.4504    , -50          ],
        [ -24.7294    , -28.6683    , -50          ],
        [ -24.5196    , -29.8773    , -50          ],
        [ -24.2508    , -31.0745    , -50          ],
        [ -23.9235    , -32.2571    , -50          ],
        [ -23.5386    , -33.4222    , -50          ],
        [ -23.097     , -34.5671    , -50          ],
        [ -22.5997    , -35.6889    , -50          ],
        [ -22.048     , -36.7849    , -50          ],
        [ -21.4432    , -37.8526    , -50          ],
        [ -20.7867    , -38.8893    , -50          ],
        [ -20.0802    , -39.8925    , -50          ],
        [ -19.3253    , -40.8598    , -50          ],
        [ -18.5238    , -41.789     , -50          ],
        [ -17.6777    , -42.6777    , -50          ],
        [ -16.789     , -43.5238    , -50          ],
        [ -15.8598    , -44.3253    , -50          ],
        [ -14.8925    , -45.0802    , -50          ],
        [ -13.8893    , -45.7867    , -50          ],
        [ -12.8526    , -46.4432    , -50          ],
        [ -11.7849    , -47.048     , -50          ],
        [ -10.6889    , -47.5997    , -50          ],
        [ -9.56709    , -48.097     , -50          ],
        [ -8.42225    , -48.5386    , -50          ],
        [ -7.25712    , -48.9235    , -50          ],
        [ -6.0745     , -49.2508    , -50          ],
        [ -4.87726    , -49.5196    , -50          ],
        [ -3.66826    , -49.7294    , -50          ],
        [ -2.45043    , -49.8796    , -50          ],
        [ -1.22669    , -49.9699    , -50          ],
        [ -1.53081e-15, -50         , -50          ],
        [ 1.22669     , -49.9699    , -50          ],
        [ 2.45043     , -49.8796    , -50          ],
        [ 3.66826     , -49.7294    , -50          ],
        [ 4.87726     , -49.5196    , -50          ],
        [ 6.0745      , -49.2508    , -50          ],
        [ 7.25712     , -48.9235    , -50          ],
        [ 8.42225     , -48.5386    , -50          ],
        [ 9.56709     , -48.097     , -50          ],
        [ 10.6889     , -47.5997    , -50          ],
        [ 11.7849     , -47.048     , -50          ],
        [ 12.8526     , -46.4432    , -50          ],
        [ 13.8893     , -45.7867    , -50          ],
        [ 14.8925     , -45.0802    , -50          ],
        [ 15.8598     , -44.3253    , -50          ],
        [ 16.789      , -43.5238    , -50          ],
        [ 17.6777     , -42.6777    , -50          ],
        [ 18.5238     , -41.789     , -50          ],
        [ 19.3253     , -40.8598    , -50          ],
        [ 20.0802     , -39.8925    , -50          ],
        [ 20.7867     , -38.8893    , -50          ],
        [ 21.4432     , -37.8526    , -50          ],
        [ 22.048      , -36.7849    , -50          ],
        [ 22.5997     , -35.6889    , -50          ],
        [ 23.097      , -34.5671    , -50          ],
        [ 23.5386     , -33.4222    , -50          ],
        [ 23.9235     , -32.2571    , -50          ],
        [ 24.2508     , -31.0745    , -50          ],
        [ 24.5196     , -29.8773    , -50          ],
        [ 24.7294     , -28.6683    , -50          ],
        [ 24.8796     , -27.4504    , -50          ],
        [ 24.9699     , -26.2267    , -50          ],
        [ 25          , -25         , -50          ]
      ]
    },
    {
      "modelURL" : "RedSpacecraft.json",
      "location" : [ 0.35, -0.3, -0.5 ],
      "scale" : [ 1.0, 1.0, 1.0 ],
      "xBasis" : [  1, 0, 0 ],
      "yBasis" : [  0, 1, 0 ],
      "zBasis" : [  0, 0, 1 ],
      "speed" : 0.4,