{
  "name" : "ColorCube",
  "fragmentShader" : "GenericFShader.glsl",
  "vertexShader" : "GenericVShader.glsl",
  "faces": [
    {
      "vertexCoords": [
        [
          0.5,
          -0.5,
          -0.5
        ],
        [
          0.5,
          0.5,
          -0.5
        ],
        [
          0.5,
          -0.5,
          0.5
        ],
        [
          0.5,
          0.5,
          0.5
        ]
      ],
      "vertexColors": [
        [
          1,
          0,
          0
        ],
        [
          0.75,
          0,
          0
        ],
        [
          0.5625,
          0,
          0
        ],
        [
          0.421875,
          0,
          0
        ]
      ]
    },
    {
      "vertexCoords": [
        [
          -0.5,
          -0.5,
          0.5
        ],
        [
          -0.5,
          0.5,
          0.5
        ],
        [
          -0.5,
          -0.5,
          -0.5
        ],
        [
          -0.5,
          0.5,
          -0.5
        ]
      ],
      "vertexColors": [
        [
          0,
          1,
          1
        ],
        [
          0,
          0.75,
          0.75
        ],
        [
          0,
          0.5625,
          0.5625
        ],
        [
          0,
          0.421875,
          0.421875
        ]
      ]
    },
    {
      "vertexCoords": [
        [
          -0.5,
          0.5,
          -0.5
        ],
        [
          -0.5,
          0.5,
          0.5
        ],
        [
          0.5,
          0.5,
          -0.5
        ],
        [
          0.5,
          0.5,
          0.5
        ]
      ],
      "vertexColors": [
        [
          0,
          1,
          0
        ],
        [
          0,
          0.75,
          0
        ],
        [
          0,
          0.5625,
          0
        ],
        [
          0,
          0.421875,
          0
        ]
      ]
    },
    {
      "vertexCoords": [
        [
          0.5,
          -0.5,
          -0.5
        ],
        [
          0.5,
          -0.5,
          0.5
        ],
        [
          -0.5,
          -0.5,
          -0.5
        ],
        [
          -0.5,
          -0.5,
          0.5
        ]
      ],
      "vertexColors": [
        [
          1,
          0,
          1
        ],
        [
          0.75,
          0,
          0.75
        ],
        [
          0.5625,
          0,
          0.5625
        ],
        [
          0.421875,
          0,
          0.421875
        ]
      ]
    },
    {
      "vertexCoords": [
        [
          -0.5,
          -0.5,
          0.5
        ],
        [
          0.5,
          -0.5,
          0.5
        ],
        [
          -0.5,
          0.5,
          0.5
        ],
        [
          0.5,
          0.5,
          0.5
        ]
      ],
      "vertexColors": [
        [
          0,
          0,
          1
        ],
        [
          0,
          0,
          0.75
        ],
        [
          0,
          0,
          0.5625
        ],
        [
          0,
          0,
          0.421875
        ]
      ]
    },
    {
      "vertexCoords": [
        [
          -0.5,
          0.5,
          -0.5
        ],
        [
          0.5,
          0.5,
          -0.5
        ],
        [
          -0.5,
          -0.5,
          -0.5
        ],
        [
          0.5,
          -0.5,
          -0.5
        ]
      ],
      "vertexColors": [
        [
          1,
          1,
          0
        ],
        [
          0.75,
          0.75,
          0
        ],
        [
          0.5625,
          0.5625,
          0
        ],
        [
          0.421875,
          0.421875,
          0
        ]
      ]
    }
  ]
} 